timestamp_unix,energy_uj
1762485563,1034614753
1762485564,1079111110
1762485565,1135189188
1762485566,1194303425
1762485567,1254425468
1762485568,1313271043
1762485569,1372734749
1762485570,1432803283
1762485571,1491933709
1762485572,1553188003
1762485573,1612854091
1762485574,1673545304
1762485575,1732620008
1762485576,1794035060
1762485577,1853992042
1762485578,1914355620
1762485580,1973644241
1762485581,2034367815
1762485582,2094954221
1762485583,2155307392
1762485584,2215153052
1762485585,2274513950
1762485586,2335960327
1762485587,2396266840
1762485588,2456565372
1762485589,2515830740
1762485590,2577673993
1762485591,2637926660
1762485592,2698658443
1762485593,2757536716
1762485594,2819347255
1762485595,2879402530
1762485596,2940102470
1762485597,2999788241
1762485598,3060899033
1762485599,3120799500
1762485600,3181518208
1762485601,3240965786
1762485602,3302189442
1762485603,3362167984
1762485604,3423039668
1762485605,3482695381
1762485606,3543746164
1762485607,3604908330
1762485608,3665453737
1762485609,3725565390
1762485610,3785730827
1762485611,3847197344
1762485612,3908019287
1762485613,3968580548
1762485614,4028232538
1762485615,4089799102
1762485616,4150408226
1762485617,4211293521
1762485618,4270736705
1762485619,4332780890
1762485620,4393008687
1762485621,4453830004
1762485622,4513045448
1762485623,4575177229
1762485624,4635588488
1762485625,4696967226
1762485626,4756361600
1762485627,4818079173
1762485628,4878572306
1762485629,4939761280
1762485630,4999565667
1762485631,5061154279
1762485632,5121552645
1762485633,5182659104
1762485634,5242354076
1762485635,5303767312
1762485636,5364472898
1762485637,5425621957
1762485638,5485739606
1762485639,5546944892
1762485640,5607632854
1762485641,5668886690
1762485642,5728610469
1762485643,5789762153
1762485644,5850974960
1762485645,5912053436
1762485646,5972251052
1762485647,6033086819
1762485648,6094624515
1762485649,6155223646
1762485650,6215409941
1762485651,6275517916
1762485652,6337611491
1762485653,6398295762
1762485654,6459041400
1762485655,6519308424
1762485656,6581139593
1762485657,6641916662
1762485658,6702539214
1762485659,6762175320
1762485660,6824237312
1762485661,6884902311
1762485662,6945920335
1762485663,7005282911
1762485664,7067617547
1762485665,7128231997
1762485666,7189888324
1762485667,7249416007
1762485668,7311665519
1762485669,7372284760
1762485670,7433921633
1762485671,7493791263
1762485672,7555700293
1762485673,7616301071
1762485674,7677698912
1762485675,7737407784
1762485676,7799125128
1762485677,7859587226
1762485678,7921123457
1762485679,7981122491
1762485680,8042944855
1762485681,8103946126
1762485682,8165135909
1762485683,8225109614
1762485684,8286552100
1762485685,8347195967
1762485686,8408369057
1762485687,8468407731
1762485688,8529779008
1762485689,8590735725
1762485690,8652041545
1762485691,8712020392
1762485692,8773314555
1762485693,8834202260
1762485694,8895396636
1762485695,8955288680
1762485696,9016727626
1762485697,9077963229
1762485698,9139222268
1762485699,9199284012
1762485700,9259926201
1762485701,9321321432
1762485702,9382607326
1762485703,9442572349
1762485704,9503420688
1762485705,9564585036
1762485706,9625850499
1762485707,9685933985
1762485708,9747306864
1762485709,9808278046
1762485710,9869689924
1762485711,9929638179
1762485712,9990944304
1762485713,10052023818
1762485714,10113275823
1762485715,10173046963
1762485716,10234311724
1762485717,10295330968
1762485718,10356819167
1762485719,10416862006
1762485720,10478474054
1762485721,10539337407
1762485722,10600982153
1762485723,10662230176
1762485724,10723663431
1762485725,10784790748
1762485726,10846220173
1762485727,10906196731
1762485728,10967374140
1762485729,11028472695
1762485730,11090116679
1762485731,11150211944
1762485732,11211542772
1762485733,11272573948
1762485734,11333797039
1762485736,11393635482
1762485737,11455116510
1762485738,11515849148
1762485739,11577367695
1762485740,11637181313
1762485741,11698831445
1762485742,11759494904
1762485743,11820912122
1762485744,11880583139
1762485745,11942158339
1762485746,12002844303
1762485747,12064165503
1762485748,12123709787
1762485749,12185718238
1762485750,12246029374
1762485751,12307360904
1762485752,12366791653
1762485753,12428731001
1762485754,12489134661
1762485755,12550494525
1762485756,12609769322
1762485757,12672045062
1762485758,12732613402
1762485759,12793695739
1762485760,12852988388
1762485761,12915280927
1762485762,12975752409
1762485763,13036630426
1762485764,13096114959
1762485765,13158275975
1762485766,13218874312
1762485767,13279756646
1762485768,13339446125
1762485769,13401645973
1762485770,13462284805
1762485771,13522858180
1762485772,13582777810
1762485773,13644971021
1762485774,13705719329
1762485775,13766271770
1762485776,13826157985
1762485777,13888167153
1762485778,13948908473
1762485779,14009417673
1762485780,14069637856
1762485781,14131762451
1762485782,14192663949
1762485783,14253164360
1762485784,14313359291
1762485785,14375198699
1762485786,14436115257
1762485787,14496398120
1762485788,14557036768
1762485789,14618433831
1762485790,14679891713
1762485791,14739897521
1762485792,14800882862
1762485793,14861935384
1762485794,14923505655
1762485795,14983881592
1762485796,15045325283
1762485797,15106323197
1762485798,15167707779
1762485799,15227723001
1762485800,15289045177
1762485801,15350510520
1762485802,15411959536
1762485803,15471895142
1762485804,15533118920
1762485805,15593976246
1762485806,15655327673
1762485807,15715199744
1762485808,15776942309
1762485809,15837755815
1762485810,15899394488
1762485811,15959020173
1762485812,16020651798
1762485813,16081477799
1762485814,16142976374
1762485815,16202596475
1762485816,16264252283
1762485817,16325027018
1762485818,16386558717
1762485819,16446258144
1762485820,16508284417
1762485821,16569040247
1762485822,16630367108
1762485823,16690145480
1762485824,16751837923
1762485825,16812227225
1762485826,16873709519
1762485827,16933150384
1762485828,16995165976
1762485829,17055849377
1762485830,17116934459
1762485831,17176339407
1762485832,17238739134
1762485833,17299393850
1762485834,17360290816
1762485835,17419750846
1762485836,17481954935
1762485837,17542936766
1762485838,17603657061
1762485839,17663472342
1762485840,17725886641
1762485841,17786607438
1762485842,17847429214
1762485843,17907365155
1762485844,17969526888
1762485845,18030329362
1762485846,18090806612
1762485847,18150908087
1762485848,18212914372
1762485849,18273819562
1762485850,18334281035
1762485851,18394632376
1762485852,18456750898
1762485853,18517666937
1762485854,18578079722
1762485855,18638365499
1762485856,18700070071
1762485857,18760944578
1762485858,18821317921
1762485859,18881860399
1762485860,18943603620
1762485861,19004636764
1762485862,19064763568
1762485863,19125617522
1762485864,19187106133
1762485865,19248182854
1762485866,19308138113
1762485867,19368869835
1762485868,19430402053
1762485869,19491513151
1762485870,19551506493
1762485871,19612331076
1762485872,19673872952
1762485873,19734917540
1762485874,19795084305
1762485875,19855930249
1762485876,19917805787
1762485877,19978765159
1762485878,20039283895
1762485879,20099975474
1762485880,20161867293
1762485881,20222761879
1762485882,20283250557
1762485883,20343558291
1762485884,20405375528
1762485885,20466367613
1762485886,20526931788
1762485887,20587161598
1762485888,20649172063
1762485889,20710120602
1762485890,20770368280
1762485891,20830795895
1762485892,20892883108
1762485893,20953735003
1762485894,21014099267
1762485895,21074348318
1762485896,21136484997
1762485897,21197564144
1762485898,21257827416
1762485899,21317886993
1762485900,21380011801
1762485902,21441048852
1762485903,21501606389
1762485904,21561622130
1762485905,21623778095
1762485906,21684865756
1762485907,21745488399
1762485908,21805296204
1762485909,21867605299
1762485910,21928483636
1762485911,21989100542
1762485912,22049198661
1762485913,22111396631
1762485914,22172037538
1762485915,22232617596
1762485916,22292660817
1762485917,22354952532
1762485918,22415995686
1762485919,22477007271
1762485920,22536917976
1762485921,22599297440
1762485922,22660011906
1762485923,22720637509
1762485924,22780482101
1762485925,22842672565
1762485926,22903350213
1762485927,22964278138
1762485928,23024162386
1762485929,23086283578
1762485930,23146981138
1762485931,23207758680
1762485932,23267860369
1762485933,23330017342
1762485934,23390698392
1762485935,23451485654
1762485936,23511069121
1762485937,23573436821
1762485938,23634401686
1762485939,23695338247
1762485940,23755097593
1762485941,23817640943
1762485942,23878516808
1762485943,23939628302
1762485944,23999344208
1762485945,24062015238
1762485946,24122587255
1762485947,24184015200
1762485948,24243570745
1762485949,24305823461
1762485950,24366406769
1762485951,24428131390
1762485952,24487690353
1762485953,24549720348
1762485954,24610559990
1762485955,24672146298
1762485956,24731907429
1762485957,24793910936
1762485958,24854716233
1762485959,24916217142
1762485960,24976063778
1762485961,25037882099
1762485962,25098858850
1762485963,25160339283
1762485964,25220395137
1762485965,25281996230
1762485966,25343164011
1762485967,25404741896
1762485968,25464764549
1762485969,25526361797
1762485970,25587654297
1762485971,25649142068
1762485972,25708987301
1762485973,25770610869
1762485974,25831710752
1762485975,25893242482
1762485976,25953186068
1762485977,26014796910
1762485978,26075928698
1762485979,26137502891
1762485980,26197830139
1762485981,26259286220
1762485982,26320628186
1762485983,26382003873
1762485984,26441890943
1762485985,26502959562
1762485986,26564830340
1762485987,26626040157
1762485988,26686099566
1762485989,26746639724
1762485990,26808416254
1762485991,26869315677
1762485992,26929710060
1762485993,26990012652
1762485994,27052302643
1762485995,27113212152
1762485996,27173802708
1762485997,27234182489
1762485998,27296402492
1762485999,27357166501
1762486000,27417738396
1762486001,27477832761
1762486002,27539989718
1762486003,27600931910
1762486004,27661941465
1762486005,27722116378
1762486006,27784486031
1762486007,27845637822
1762486008,27906510559
1762486009,27966348834
1762486010,28028923570
1762486011,28090119472
1762486012,28151119903
1762486013,28210883780
1762486014,28273613614
1762486015,28334285525
1762486016,28395630421
1762486017,28455210988
1762486018,28517711144
1762486019,28578452860
1762486020,28640090877
1762486021,28699533436
1762486022,28761936581
1762486023,28822699278
1762486024,28884256138
1762486025,28943891130
1762486026,29005814915
1762486027,29067072611
1762486028,29128619004
1762486029,29188203874
1762486030,29250193878
1762486031,29311026319
1762486032,29372687238
1762486033,29432554778
1762486034,29494098730
1762486035,29555046582
1762486036,29616474832
1762486037,29676586241
1762486038,29738207032
1762486039,29799493779
1762486040,29860999922
1762486041,29920986917
1762486042,29982475711
1762486043,30043632216
1762486044,30105045910
1762486045,30165395313
1762486046,30226804689
1762486047,30287926177
1762486048,30349676448
1762486049,30410182794
1762486050,30471755980
1762486051,30533022526
1762486052,30594425540
1762486053,30654488641
1762486054,30715848017
1762486056,30777544595
1762486057,30838726474
1762486058,30899058483
1762486059,30959784041
1762486060,31021983720
1762486061,31083211999
1762486062,31143747428
1762486063,31204400587
1762486064,31266591768
1762486065,31327715178
1762486066,31388266658
1762486067,31448734417
1762486068,31510984662
1762486069,31572086528
1762486070,31632891855
1762486071,31693032269
1762486072,31755473956
1762486073,31816525044
1762486074,31877352724
1762486075,31937291671
1762486076,31999534897
1762486077,32060590547
1762486078,32121637668
1762486079,32181374050
1762486080,32243978112
1762486081,32304896882
1762486082,32365725020
1762486083,32425467033
1762486084,32487907560
1762486085,32548803535
1762486086,32610504964
1762486087,32669962140
1762486088,32732485366
1762486089,32793174625
1762486090,32854878389
1762486091,32914491273
1762486092,32976631507
1762486093,33037236665
1762486094,33098562030
1762486095,33158242690
1762486096,33220142184
1762486097,33281010343
1762486098,33342519064
1762486099,33402158101
1762486100,33464093161
1762486101,33524805185
1762486102,33586411069
1762486103,33646399712
1762486104,33708048303
1762486105,33769281159
1762486106,33830626604
1762486107,33890514697
1762486108,33951989987
1762486109,34013349378
1762486110,34074584813
1762486111,34134561448
1762486112,34196122671
1762486113,34257317261
1762486114,34318813440
1762486115,34378803501
1762486116,34440295149
1762486117,34501177406
1762486118,34562673280
1762486119,34622606460
1762486120,34684016813
1762486121,34745695370
1762486122,34807235187
1762486123,34867176469
1762486124,34928361232
1762486125,34989995206
1762486126,35051165459
1762486127,35111293056
1762486128,35171942752
1762486129,35233710691
1762486130,35294697603
1762486131,35355292279
1762486132,35415927143
1762486133,35477915179
1762486134,35538810681
1762486135,35599257262
1762486136,35660047804
1762486137,35722349804
1762486138,35783459192
1762486139,35843925243
1762486140,35904238194
1762486141,35966630018
1762486142,36027581913
1762486143,36088393389
1762486144,36148443918
1762486145,36210727517
1762486146,36271812889
1762486147,36332980304
1762486148,36392927827
1762486149,36457275771
1762486150,36518266773
1762486151,36580132531
1762486152,36640516783
1762486153,36702984821
1762486154,36764154982
1762486155,36826157574
1762486156,36885945543
1762486157,36947313265
1762486158,37008415498
1762486159,37070089325
1762486160,37130405908
1762486161,37191072861
1762486162,37253276873
1762486163,37314333454
1762486164,37375321252
1762486165,37435108962
1762486166,37497630966
1762486167,37559135980
1762486168,37620354249
1762486169,37680580490
1762486170,37742177966
1762486171,37803777594
1762486172,37870642880
1762486173,37941356112
1762486174,38013253380
1762486175,38085402755
1762486176,38156690908
1762486177,38226456313
1762486178,38294517490
1762486179,38364504761
1762486180,38434323416
1762486181,38505281249
1762486182,38576595249
1762486183,38649003903
1762486184,38722574058
1762486185,38794976976
1762486186,38868291055
1762486187,38941492928
1762486188,39013472390
1762486189,39086539199
1762486190,39159835762
1762486191,39234055633
1762486192,39305180373
1762486193,39377732346
1762486194,39450518743
1762486195,39521434906
1762486196,39590207655
1762486197,39659028697
1762486198,39727323596
1762486199,39800018705
1762486200,39874058806
1762486201,39947211028
1762486202,40019638252
1762486203,40089619191
1762486204,40156366701
1762486205,40223452663
1762486206,40293684001
1762486207,40365875916
1762486208,40438721117
1762486209,40511206505
1762486211,40582293176
1762486212,40654235195
1762486213,40723186417
1762486214,40793850564
1762486215,40867408131
1762486216,40938795766
1762486217,41011374730
1762486218,41084896761
1762486219,41157669197
1762486220,41231141655
1762486221,41304485228
1762486222,41376135286
1762486223,41447828035
1762486224,41520511929
1762486225,41588884614
1762486226,41655960552
1762486227,41720666175
1762486228,41789007596
1762486229,41859963597
1762486230,41931493712
1762486231,42003337134
1762486232,42075656224
1762486233,42147219219
1762486234,42214961047
1762486235,42282416909
1762486236,42352559857
1762486237,42425964036
1762486238,42498867400
1762486239,42571149856
1762486240,42643156402
1762486241,42715319143
1762486242,42788209035
1762486243,42861618706
1762486244,42934521018
1762486245,43006781625
1762486246,43079366067
1762486247,43151737339
1762486248,43225490315
1762486249,43298604027
1762486250,43371144297
1762486251,43444932733
1762486252,43517773769
1762486253,43590701684
1762486254,43663185652
1762486255,43734998680
1762486256,43806418281
1762486257,43876801176
1762486258,43944962492
1762486259,44013627429
1762486260,44083360975
1762486261,44153721121
1762486262,44226171979
1762486263,44298155226
1762486264,44370196376
1762486265,44440152826
1762486266,44508061622
1762486267,44575536328
1762486268,44647348105
1762486269,44719791502
1762486270,44791370060
1762486271,44863202710
1762486272,44934482380
1762486273,45006385720
1762486274,45078620968
1762486275,45151781109
1762486276,45224403452
1762486277,45296310348
1762486278,45367925144
1762486279,45438252638
1762486280,45506525993
1762486281,45575545373
1762486282,45645169077
1762486283,45715801502
1762486284,45787790287
1762486285,45859355952
1762486286,45931216906
1762486287,46001089543
1762486288,46069040192
1762486289,46137472642
1762486290,46209481858
1762486291,46282334917
1762486292,46353972402
1762486293,46425667806
1762486294,46494954689
1762486295,46563756521
1762486296,46627912078
1762486297,46695406466
1762486298,46767565576
1762486299,46839890587
1762486300,46912796316
1762486301,46985378012
1762486302,47056874345
1762486303,47128082714
1762486304,47199639347
1762486305,47272640500
1762486306,47344982783
1762486307,47415287466
1762486308,47485817388
1762486309,47558161989
1762486310,47631646547
1762486311,47705117067
1762486312,47777429993
1762486313,47851168001
1762486314,47922432839
1762486315,47995366430
1762486316,48068754359
1762486317,48141978065
1762486318,48213275327
1762486319,48283381458
1762486320,48353510201
1762486321,48427215573
1762486322,48500950224
1762486323,48573777314
1762486324,48645364371
1762486325,48717254574
1762486326,48786635050
1762486327,48860981547
1762486328,48933604561
1762486329,49003612904
1762486330,49074312433
1762486331,49144767805
1762486332,49213219740
1762486333,49282555021
1762486334,49350593266
1762486335,49421476273
1762486336,49495927852
1762486337,49568737502
1762486338,49641501424
1762486339,49714961157
1762486340,49787081496
1762486341,49857968516
1762486342,49931122189
1762486343,50004025599
1762486344,50076445209
1762486345,50150633633
1762486346,50222647411
1762486347,50295258677
1762486348,50368802069
1762486349,50441797851
1762486350,50514083176
1762486351,50584884797
1762486352,50650956057
1762486353,50716071662
1762486354,50787271074
1762486355,50860609719
1762486356,50933890186
1762486357,51006553268
1762486358,51079225687
1762486359,51150723836
1762486360,51224015959
1762486361,51298347458
1762486362,51370951171
1762486363,51442273837
1762486365,51512127586
1762486366,51577227384
1762486367,51645227316
1762486368,51715594008
1762486369,51788762511
1762486370,51861566958
1762486371,51933010071
1762486372,52004745131
1762486373,52075467807
1762486374,52144414513
1762486375,52212573586
1762486376,52282036668
1762486377,52352965816
1762486378,52422841399
1762486379,52494425282
1762486380,52566492112
1762486381,52637557956
1762486382,52705186905
1762486383,52773164087
1762486384,52842915164
1762486385,52914995009
1762486386,52988384646
1762486387,53061080472
1762486388,53131214632
1762486389,53200518588
1762486390,53264591889
1762486391,53331895324
1762486392,53400333954
1762486393,53473497452
1762486394,53546399276
1762486395,53618643236
1762486396,53690903156
1762486397,53762753444
1762486398,53831880637
1762486399,53900850459
1762486400,53971692544
1762486401,54044533092
1762486402,54117698665
1762486403,54190453005
1762486404,54264092538
1762486405,54336547699
1762486406,54409176847
1762486407,54482610428
1762486408,54555465882
1762486409,54629448918
1762486410,54702221080
1762486411,54774767545
1762486412,54848915169
1762486413,54921298358
1762486414,54993955047
1762486415,55065480401
1762486416,55134519158
1762486417,55203119111
1762486418,55272361975
1762486419,55345434520
1762486420,55416735047
1762486421,55487040433
1762486422,55559075327
1762486423,55631843171
1762486424,55703890821
1762486425,55779467586
1762486426,55853191633
1762486427,55925608374
1762486428,55998724832
1762486429,56069397523
1762486430,56138670934
1762486431,56207582653
1762486432,56278149225
1762486433,56349795193
1762486434,56421683702
1762486435,56493872627
1762486436,56566913603
1762486437,56635963148
1762486438,56704786524
1762486439,56774108363
1762486440,56846745461
1762486441,56920426831
1762486442,56993043437
1762486443,57065604351
1762486444,57135585062
1762486445,57200855215
1762486446,57268952951
1762486447,57340480166
1762486448,57413824518
1762486449,57487463425
1762486450,57560366378
1762486451,57632013460
1762486452,57704095136
1762486453,57771887513
1762486454,57840316363
1762486455,57910691385
1762486456,57981261527
1762486457,58051508291
1762486458,58123397976
1762486459,58195262957
1762486460,58266670565
1762486461,58335451691
1762486462,58403252338
1762486463,58474383487
1762486464,58546835947
1762486465,58619592057
1762486466,58692396031
1762486467,58764765076
1762486468,58833622019
1762486469,58899444436
1762486470,58966524692
1762486471,59038285706
1762486472,59111552119
1762486473,59184466089
1762486474,59256504126
1762486475,59327830775
1762486476,59398922359
1762486477,59466581000
1762486478,59534760183
1762486479,59603465355
1762486480,59673821656
1762486481,59744448924
1762486482,59816692579
1762486483,59889627284
1762486484,59961545485
1762486485,60030264862
1762486486,60097976967
1762486487,60166712762
1762486488,60238155738
1762486489,60311215268
1762486490,60383555995
1762486491,60454209094
1762486492,60524851193
1762486493,60591431063
1762486494,60659373594
1762486495,60727655036
1762486496,60800325488
1762486497,60873327160
1762486498,60945132467
1762486499,61017083779
1762486500,61089289853
1762486501,61158742194
1762486502,61227431787
1762486503,61297690086
1762486504,61369696464
1762486505,61442407135
1762486506,61514869178
1762486507,61587017226
1762486508,61658383027
1762486509,61725608524
1762486510,61793649042
1762486511,61861437849
1762486512,61930970599
1762486513,62002891441
1762486514,62072432476
1762486515,62143351279
1762486516,62213533059
1762486517,62284373634
1762486518,62352620623
1762486519,62421089449
1762486521,62489098017
1762486522,62557554788
1762486523,62629017706
1762486524,62702115473
1762486525,62773859764
1762486526,62845536630
1762486527,62917257515
1762486528,62984957810
1762486529,63049579560
1762486530,63116640515
1762486531,63184831736
1762486532,63256171049
1762486533,63329600266
1762486534,63402481247
1762486535,63474044685
1762486536,63545752372
1762486537,63616131682
1762486538,63683930178
1762486539,63752570854
1762486540,63823324077
1762486541,63896156309
1762486542,63969459662
1762486543,64042401889
1762486544,64115476265
1762486545,64185496738
1762486546,64253126389
1762486547,64322482864
1762486548,64396035639
1762486549,64470173468
1762486550,64541977936
1762486551,64614383829
1762486552,64685817895
1762486553,64753629680
1762486554,64822162635
1762486555,64889013106
1762486556,64959977758
1762486557,65033029873
1762486558,65105426398
1762486559,65176934236
1762486560,65246457358
1762486561,65315122219
1762486562,65379470713
1762486563,65445562311
1762486564,65512893775
1762486565,50087940
1762486566,122940099
1762486567,196022684
1762486568,267766044
1762486569,339681591
1762486570,410769055
1762486571,479353216
1762486572,548299800
1762486573,613371218
1762486574,682418200
1762486575,752761318
1762486576,824352968
1762486577,896000508
1762486578,967940452
1762486579,1038872773
1762486580,1107156214
1762486581,1174430506
1762486582,1246229237
1762486583,1319216536
1762486584,1391460954
1762486585,1463744157
1762486586,1533478176
1762486587,1601180867
1762486588,1668130530
1762486589,1736217035
1762486590,1808764355
1762486591,1881409020
1762486592,1953497608
1762486593,2025003553
1762486594,2096953843
1762486595,2167034630
1762486596,2235815787
1762486597,2307005571
1762486598,2376963822
1762486599,2447087087
1762486600,2518470511
1762486601,2590597137
1762486602,2661130492
1762486603,2730123857
1762486604,2798050032
1762486605,2870229786
1762486606,2943436038
1762486607,3016272359
1762486608,3088571476
1762486609,3160486504
1762486610,3228359581
1762486611,3293860237
1762486612,3359950234
1762486613,3429595192
1762486614,3502622345
1762486615,3575625314
1762486616,3648411436
1762486617,3720472239
1762486618,3792487069
1762486619,3860285962
1762486620,3930096622
1762486621,3998113230
1762486622,4063568296
1762486623,4134164559
1762486624,4204656870
1762486625,4275079361
1762486626,4348142370
1762486627,4420156758
1762486628,4489903212
1762486629,4558065031
1762486630,4626558956
1762486631,4695543151
1762486632,4767352350
1762486633,4840405289
1762486634,4912586325
1762486635,4983450183
1762486636,5053841028
1762486637,5124834107
1762486638,5197504970
1762486639,5270353513
1762486640,5342683848
1762486641,5414168250
1762486642,5485338962
1762486643,5556341928
1762486644,5629380570
1762486645,5702781605
1762486646,5775418489
1762486647,5847432953
1762486648,5919318548
1762486649,5987038984
1762486650,6055300697
1762486651,6124769578
1762486652,6197149105
1762486653,6269104841
1762486654,6342010434
1762486655,6414579954
1762486656,6485356765
1762486657,6550681222
1762486658,6616650848
1762486659,6681551301
1762486660,6749126907
1762486661,6821677568
1762486662,6894637800
1762486663,6967376546
1762486664,7039718661
1762486665,7110982691
1762486666,7179848621
1762486667,7247648185
1762486668,7315529898
1762486669,7383008876
1762486670,7452585890
1762486671,7523825690
1762486672,7593720864
1762486673,7664974610
1762486674,7736452984
1762486675,7806475471
1762486677,7874474060
1762486678,7943648858
1762486679,8015942437
1762486680,8088415343
1762486681,8160111892
1762486682,8232540809
1762486683,8304597965
1762486684,8370957983
1762486685,8437018378
1762486686,8506418583
1762486687,8579381179
1762486688,8652304547
1762486689,8724905254
1762486690,8797436400
1762486691,8868849120
1762486692,8937014189
1762486693,9006076947
1762486694,9076175434
1762486695,9149141418
1762486696,9220044169
1762486697,9290264460
1762486698,9360618503
1762486699,9432340975
1762486700,9501039250
1762486701,9569156425
1762486702,9639920633
1762486703,9711964561
1762486704,9785865127
1762486705,9857347225
1762486706,9930426911
1762486707,10002623968
1762486708,10068368294
1762486709,10133993395
1762486710,10203898013
1762486711,10276673974
1762486712,10351051368
1762486713,10423907754
1762486714,10496920366
1762486715,10566892379
1762486716,10636381507
1762486717,10709469478
1762486718,10784113766
1762486719,10857476427
1762486720,10930424940
1762486721,11003209735
1762486722,11075389459
1762486723,11148539911
1762486724,11221691951
1762486725,11293281068
1762486726,11365154152
1762486727,11436166394
1762486728,11509032698
1762486729,11582545101
1762486730,11654236614
1762486731,11725809512
1762486732,11797462362
1762486733,11867446062
1762486734,11937156202
1762486735,12009391862
1762486736,12081524454
1762486737,12153654436
1762486738,12226967295
1762486739,12299270014
1762486740,12367815755
1762486741,12433229776
1762486742,12498275637
1762486743,12565800465
1762486744,12637816516
1762486745,12710366338
1762486746,12782904945
1762486747,12855134288
1762486748,12926637487
1762486749,12993756285
1762486750,13062119098
1762486751,13130199836
1762486752,13202536122
1762486753,13274464653
1762486754,13344152044
1762486755,13414594034
1762486756,13486318016
1762486757,13555766405
1762486758,13626554050
1762486759,13699352104
1762486760,13771820326
1762486761,13843636116
1762486762,13916282246
1762486763,13988670760
1762486764,14060857472
1762486765,14134347705
1762486766,14206524240
1762486767,14279229434
1762486768,14352891945
1762486769,14426243926
1762486770,14499759625
1762486771,14572419915
1762486772,14644703652
1762486773,14716636120
1762486774,14788912243
1762486775,14858700581
1762486776,14923967942
1762486777,14990122968
1762486778,15060958706
1762486779,15131353580
1762486780,15203007650
1762486781,15276220066
1762486782,15348652553
1762486783,15419075578
1762486784,15486403715
1762486785,15555740751
1762486786,15628160148
1762486787,15701471267
1762486788,15774644088
1762486789,15845505765
1762486790,15915635637
1762486791,15981494704
1762486792,16049914902
1762486793,16120811459
1762486794,16194583339
1762486795,16268434684
1762486796,16340081690
1762486797,16412541504
1762486798,16483245840
1762486799,16552078981
1762486800,16625333082
1762486801,16696895390
1762486802,16767132969
1762486803,16838096462
1762486804,16911345863
1762486805,16981062335
1762486806,17054052244
1762486807,17127579066
1762486808,17199458359
1762486809,17271597939
1762486810,17342745108
1762486811,17414459615
1762486812,17487744888
1762486813,17559835764
1762486814,17629004032
1762486815,17701158244
1762486816,17771264009
1762486817,17842413619
1762486818,17915390772
1762486819,17988838725
1762486820,18061286623
1762486821,18133748498
1762486822,18205821370
1762486823,18277591935
1762486824,18351118665
1762486825,18424408607
1762486827,18496706794
1762486828,18568397697
1762486829,18638143464
1762486830,18706103329
1762486831,18774898523
1762486832,18845566179
1762486833,18917551042
1762486834,18990607643
1762486835,19062768752
1762486836,19135725749
1762486837,19207882815
1762486838,19273274223
1762486839,19339074013
1762486840,19409079929
1762486841,19482533543
1762486842,19555653846
1762486843,19628662659
1762486844,19701395409
1762486845,19772674972
1762486846,19840731847
1762486847,19909048107
1762486848,19982186186
1762486849,20056260999
1762486850,20129109710
1762486851,20201650071
1762486852,20276050383
1762486853,20345085235
1762486854,20413235611
1762486855,20480358086
1762486856,20550705491
1762486857,20623295365
1762486858,20696052925
1762486859,20767874451
1762486860,20838575721
1762486861,20908159891
1762486862,20974730102
1762486863,21043577448
1762486864,21114553407
1762486865,21187748871
1762486866,21260354552
1762486867,21332407711
1762486868,21404666807
1762486869,21475471891
1762486870,21543807957
1762486871,21612225928
1762486872,21676882679
1762486873,21745285361
1762486874,21815369002
1762486875,21885455191
1762486876,21957113030
1762486877,22029289595
1762486878,22100905978
1762486879,22168534347
1762486880,22236664201
1762486881,22304441519
1762486882,22375524482
1762486883,22448365075
1762486884,22521563576
1762486885,22592710699
1762486886,22664378013
1762486887,22736847105
1762486888,22810651577
1762486889,22885312541
1762486890,22957645913
1762486891,23029149402
1762486892,23102266974
1762486893,23175551331
1762486894,23249965558
1762486895,23322582332
1762486896,23393425501
1762486897,23464592505
1762486898,23533058752
1762486899,23601502249
1762486900,23672474058
1762486901,23744601477
1762486902,23817562990
1762486903,23890183136
1762486904,23962456605
1762486905,24034751420
1762486906,24102433833
1762486907,24168564019
1762486908,24239170032
1762486909,24310227438
1762486910,24382239675
1762486911,24454590151
1762486912,24527169039
1762486913,24597466322
1762486914,24665183585
1762486915,24733424349
1762486916,24801892381
1762486917,24874820128
1762486918,24948841263
1762486919,25021313391
1762486920,25093550516
1762486921,25165963122
1762486922,25237644733
1762486923,25310757483
1762486924,25384299411
1762486925,25456212470
1762486926,25529020641
1762486927,25602283072
1762486928,25674736463
1762486929,25748249507
1762486930,25821134013
1762486931,25893746698
1762486932,25966032190
1762486933,26037019547
1762486934,26106107053
1762486935,26174055184
1762486936,26247278998
1762486937,26321476500
1762486938,26394242711
1762486939,26466617417
1762486940,26536932140
1762486941,26604366030
1762486942,26671560401
1762486943,26741120402
1762486944,26813903305
1762486945,26886805922
1762486946,26959178645
1762486947,27031330599
1762486948,27104932856
1762486949,27177501155
1762486950,27251521604
1762486951,27325002866
1762486952,27397257415
1762486953,27470660174
1762486954,27542563163
1762486955,27615922681
1762486956,27688901726
1762486957,27760125917
1762486958,27831686608
1762486959,27903418998
1762486960,27971130554
1762486961,28039658931
1762486962,28104150118
1762486963,28172393949
1762486964,28242287307
1762486965,28313946306
1762486966,28386530473
1762486967,28459253748
1762486968,28531328420
1762486969,28599213414
1762486970,28666803440
1762486971,28736169558
1762486972,28807976040
1762486973,28881044100
1762486974,28953081832
1762486975,29023206380
1762486976,29093223816
1762486977,29158932530
1762486978,29227150285
1762486979,29296920222
1762486981,29369570502
1762486982,29442487172
1762486983,29514254548
1762486984,29585904666
1762486985,29657051866
1762486986,29726137328
1762486987,29795084431
1762486988,29865685532
1762486989,29938807803
1762486990,30012366972
1762486991,30085105611
1762486992,30157084997
1762486993,30227351810
1762486994,30294934329
1762486995,30362692468
1762486996,30435120698
1762486997,30508587053
1762486998,30579462080
1762486999,30651267144
1762487000,30723428542
1762487001,30794806718
1762487002,30862475642
1762487003,30930644328
1762487004,30999764426
1762487005,31071614165
1762487006,31144276285
1762487007,31216058630
1762487008,31287600569
1762487009,31359159948
1762487010,31427253366
1762487011,31495997888
1762487012,31567758947
1762487013,31640295693
1762487014,31712714967
1762487015,31784714143
1762487016,31856994066
1762487017,31928933140
1762487018,31996505818
1762487019,32060844638
1762487020,32129152995
1762487021,32199538638
1762487022,32270791362
1762487023,32342605397
1762487024,32415649593
1762487025,32488780821
1762487026,32562017970
1762487027,32635241646
1762487028,32707293111
1762487029,32779221306
1762487030,32852634731
1762487031,32926040099
1762487032,32997702027
1762487033,33070431756
1762487034,33142836932
1762487035,33215442232
1762487036,33285680314
1762487037,33353225481
1762487038,33422021118
1762487039,33489294402
1762487040,33562294549
1762487041,33635476906
1762487042,33706755721
1762487043,33778476789
1762487044,33852557538
1762487045,33925668305
1762487046,33999712739
1762487047,34072008332
1762487048,34143818324
1762487049,34215361850
1762487050,34286401694
1762487051,34354353563
1762487052,34420545605
1762487053,34485204661
1762487054,34555642791
1762487055,34626023352
1762487056,34697880262
1762487057,34770420395
1762487058,34842342045
1762487059,34912921921
1762487060,34983881661
1762487061,35056383451
1762487062,35128635238
1762487063,35201011042
1762487064,35272829578
1762487065,35343739516
1762487066,35414400748
1762487067,35486923670
1762487068,35559712783
1762487069,35632567261
1762487070,35706597796
1762487071,35778567600
1762487072,35850898195
1762487073,35923454104
1762487074,35996342928
1762487075,36069456823
1762487076,36141995460
1762487077,36214712296
1762487078,36288325829
1762487079,36361822914
1762487080,36435432373
1762487081,36507363071
1762487082,36575850343
1762487083,36644866336
1762487084,36714661753
1762487085,36787990358
1762487086,36859346791
1762487087,36930558943
1762487088,37001990857
1762487089,37074350168
1762487090,37142842765
1762487091,37211337209
1762487092,37282585721
1762487093,37355475507
1762487094,37428182532
1762487095,37500733238
1762487096,37572891433
1762487097,37644302199
1762487098,37709349525
1762487099,37774474621
1762487100,37845088065
1762487101,37917620828
1762487102,37990172847
1762487103,38062187327
1762487104,38135293379
1762487105,38204857988
1762487106,38273531500
1762487107,38346228805
1762487108,38419699203
1762487109,38491667588
1762487110,38561396724
1762487111,38631228623
1762487112,38696794691
1762487113,38762561217
1762487114,38829956246
1762487115,38900109158
1762487116,38973002803
1762487117,39045761385
1762487118,39118081284
1762487119,39190230415
1762487120,39261845395
1762487121,39330804948
1762487122,39399542146
1762487123,39468542744
1762487124,39538910366
1762487125,39608254421
1762487126,39677750125
1762487127,39749363091
1762487128,39820476326
1762487129,39888932151
1762487130,39960710178
1762487131,40033641419
1762487133,40105773950
1762487134,40177831930
1762487135,40250414297
1762487136,40322695212
1762487137,40395561362
1762487138,40468648433
1762487139,40541327704
1762487140,40614593446
1762487141,40688416060
1762487142,40761196964
1762487143,40834447479
1762487144,40907078595
1762487145,40979267443
1762487146,41052970159
1762487147,41124683675
1762487148,41196997348
1762487149,41270875577
1762487150,41343682023
1762487151,41416736397
1762487152,41487893010
1762487153,41556068394
1762487154,41623745558
1762487155,41696663937
1762487156,41769588953
1762487157,41841821500
1762487158,41912296844
1762487159,41982463595
1762487160,42052411729
1762487161,42121463364
1762487162,42191378068
1762487163,42264395411
1762487164,42336530596
1762487165,42408745596
1762487166,42480990472
1762487167,42553161376
1762487168,42623029208
1762487169,42689876001
1762487170,42754807656
1762487171,42820690754
1762487172,42890600819
1762487173,42962465557
1762487174,43034865118
1762487175,43106793344
1762487176,43179253342
1762487177,43250731228
1762487178,43318382988
1762487179,43386700912
1762487180,43457514785
1762487181,43530430539
1762487182,43603259613
1762487183,43673411563
1762487184,43745165040
1762487185,43815565299
1762487186,43883943996
1762487187,43952531650
1762487188,44024978511
1762487189,44097772110
1762487190,44170573628
1762487191,44242170145
1762487192,44315780413
1762487193,44387358742
1762487194,44459726109
1762487195,44532719923
1762487196,44604982208
1762487197,44677306852
1762487198,44749650172
1762487199,44816634760
1762487200,44884226251
1762487201,44953227321
1762487202,45026557879
1762487203,45099518263
1762487204,45170769355
1762487205,45242762580
1762487206,45315333946
1762487207,45386930844
1762487208,45459485350
1762487209,45531795316
1762487210,45603680515
1762487211,45674642757
1762487212,45747159804
1762487213,45814909932
1762487214,45881656816
1762487215,45948059052
1762487216,46021348887
1762487217,46094930363
1762487218,46167665417
1762487219,46240072134
1762487220,46311401911
1762487221,46381471346
1762487222,46453909052
1762487223,46526749661
1762487224,46598769633
1762487225,46671009061
1762487226,46740834048
1762487227,46807032972
1762487228,46879430885
1762487229,46952623648
1762487230,47025340804
1762487231,47098262967
1762487232,47170265179
1762487233,47240419724
1762487234,47312637043
1762487235,47385456016
1762487236,47457436562
1762487237,47530109821
1762487238,47599620142
1762487239,47666156496
1762487240,47730719350
1762487241,47797689901
1762487242,47870235359
1762487243,47942846121
1762487244,48015628825
1762487245,48088419510
1762487246,48159992499
1762487247,48229995440
1762487248,48301856485
1762487249,48376355547
1762487250,48449058483
1762487251,48521584456
1762487252,48594022300
1762487253,48664954651
1762487254,48737999824
1762487255,48811176749
1762487256,48883063077
1762487257,48955319350
1762487258,49026968385
1762487259,49097237212
1762487260,49165218682
1762487261,49234217433
1762487262,49304401807
1762487263,49374516193
1762487264,49436205995
1762487265,49498710392
1762487266,49558609837
1762487267,49621712790
1762487268,49683016428
1762487269,49745384464
1762487270,49805291263
1762487271,49868068961
1762487272,49929267426
1762487273,49991147298
1762487274,50051440368
1762487275,50114066036
1762487276,50175438854
1762487277,50237460946
1762487278,50297663673
1762487279,50359873286
1762487280,50420947276
1762487281,50482925241
1762487282,50543213200
1762487283,50605116432
1762487285,50666211264
1762487286,50728556887
1762487287,50788673651
1762487288,50850475478
1762487289,50912123291
1762487290,50973927635
1762487291,51034470967
1762487292,51096211854
1762487293,51157844195
1762487294,51219586242
1762487295,51239913331
